Seed,Workload,Capacity,Policy,Hit Ratio,Miss Rate,Page Faults,Storage I/O,Evictions,Simulated Latency,Policy Decision Time (ms),Avg Decision Time (ms)
7,Random,3,FIFO,6.34,93.66,4683,4683,4680,51830.0,8.1835,0.001749
19,Random,3,FIFO,5.28,94.72,4736,4736,4733,52360.0,8.2312,0.001739
42,Random,3,FIFO,5.72,94.28,4714,4714,4711,52140.0,8.5964,0.001825
73,Random,3,FIFO,5.38,94.62,4731,4731,4728,52310.0,9.4975,0.002009
101,Random,3,FIFO,5.2,94.8,4740,4740,4737,52400.0,9.9379,0.002098
137,Random,3,FIFO,5.24,94.76,4738,4738,4735,52380.0,10.0364,0.00212
211,Random,3,FIFO,4.86,95.14,4757,4757,4754,52570.0,9.7158,0.002044
307,Random,3,FIFO,5.02,94.98,4749,4749,4746,52490.0,9.9303,0.002092
401,Random,3,FIFO,4.8,95.2,4760,4760,4757,52600.0,10.0031,0.002103
503,Random,3,FIFO,5.72,94.28,4714,4714,4711,52140.0,9.7218,0.002064
7,Random,3,LRU,6.2,93.8,4690,4690,4687,51900.0,14.0918,0.003007
19,Random,3,LRU,5.3,94.7,4735,4735,4732,52350.0,12.8254,0.00271
42,Random,3,LRU,5.7,94.3,4715,4715,4712,52150.0,12.2893,0.002608
73,Random,3,LRU,5.38,94.62,4731,4731,4728,52310.0,12.3204,0.002606
101,Random,3,LRU,5.26,94.74,4737,4737,4734,52370.0,11.5453,0.002439
137,Random,3,LRU,5.22,94.78,4739,4739,4736,52390.0,11.0362,0.00233
211,Random,3,LRU,4.84,95.16,4758,4758,4755,52580.0,10.7542,0.002262
307,Random,3,LRU,5.02,94.98,4749,4749,4746,52490.0,10.2725,0.002164
401,Random,3,LRU,4.82,95.18,4759,4759,4756,52590.0,10.0639,0.002116
503,Random,3,LRU,5.88,94.12,4706,4706,4703,52060.0,9.5033,0.002021
7,Random,3,Graph_Only,5.96,94.04,4702,4702,4699,52020.0,66.8091,0.014218
19,Random,3,Graph_Only,5.66,94.34,4717,4717,4714,52170.0,88.113,0.018692
42,Random,3,Graph_Only,6.24,93.76,4688,4688,4685,51880.0,73.2403,0.015633
73,Random,3,Graph_Only,5.84,94.16,4708,4708,4705,52080.0,70.9996,0.01509
101,Random,3,Graph_Only,5.16,94.84,4742,4742,4739,52420.0,194.192,0.040977
137,Random,3,Graph_Only,5.24,94.76,4738,4738,4735,52380.0,165.3134,0.034913
211,Random,3,Graph_Only,5.28,94.72,4736,4736,4733,52360.0,208.7891,0.044113
307,Random,3,Graph_Only,5.14,94.86,4743,4743,4740,52430.0,185.7275,0.039183
401,Random,3,Graph_Only,4.94,95.06,4753,4753,4750,52530.0,161.0117,0.033897
503,Random,3,Graph_Only,5.9,94.1,4705,4705,4702,52050.0,167.3645,0.035594
7,Random,3,LSH_Only,5.94,94.06,4703,4703,4700,52030.0,169.2403,0.036009
19,Random,3,LSH_Only,5.42,94.58,4729,4729,4726,52290.0,178.9365,0.037862
42,Random,3,LSH_Only,5.36,94.64,4732,4732,4729,52320.0,162.9404,0.034456
73,Random,3,LSH_Only,5.64,94.36,4718,4718,4715,52180.0,178.2455,0.037804
101,Random,3,LSH_Only,5.28,94.72,4736,4736,4733,52360.0,165.8739,0.035046
137,Random,3,LSH_Only,5.68,94.32,4716,4716,4713,52160.0,195.7792,0.04154
211,Random,3,LSH_Only,4.98,95.02,4751,4751,4748,52510.0,161.5462,0.034024
307,Random,3,LSH_Only,4.94,95.06,4753,4753,4750,52530.0,204.774,0.04311
401,Random,3,LSH_Only,4.78,95.22,4761,4761,4758,52610.0,175.768,0.036942
503,Random,3,LSH_Only,5.52,94.48,4724,4724,4721,52240.0,155.4745,0.032933
7,Random,3,Graph_LSH,5.9,94.1,4705,4705,4702,52050.0,152.7878,0.032494
19,Random,3,Graph_LSH,5.62,94.38,4719,4719,4716,52190.0,161.1249,0.034166
42,Random,3,Graph_LSH,5.8,94.2,4710,4710,4707,52100.0,162.9815,0.034625
73,Random,3,Graph_LSH,5.8,94.2,4710,4710,4707,52100.0,102.0185,0.021674
101,Random,3,Graph_LSH,5.22,94.78,4739,4739,4736,52390.0,71.3001,0.015055
137,Random,3,Graph_LSH,5.22,94.78,4739,4739,4736,52390.0,66.0669,0.01395
211,Random,3,Graph_LSH,5.3,94.7,4735,4735,4732,52350.0,63.4316,0.013405
307,Random,3,Graph_LSH,5.12,94.88,4744,4744,4741,52440.0,62.5451,0.013192
401,Random,3,Graph_LSH,4.86,95.14,4757,4757,4754,52570.0,64.715,0.013613
503,Random,3,Graph_LSH,5.68,94.32,4716,4716,4713,52160.0,61.8404,0.013121
7,Random,3,Proposed,5.98,94.02,4701,4701,4698,52010.0,61.255,0.013039
19,Random,3,Proposed,5.8,94.2,4710,4710,4707,52100.0,60.6444,0.012884
42,Random,3,Proposed,5.76,94.24,4712,4712,4709,52120.0,61.154,0.012987
73,Random,3,Proposed,5.82,94.18,4709,4709,4706,52090.0,69.3651,0.01474
101,Random,3,Proposed,5.26,94.74,4737,4737,4734,52370.0,74.7681,0.015794
137,Random,3,Proposed,5.48,94.52,4726,4726,4723,52260.0,75.0652,0.015894
211,Random,3,Proposed,5.32,94.68,4734,4734,4731,52340.0,69.2977,0.014648
307,Random,3,Proposed,5.0,95.0,4750,4750,4747,52500.0,69.9695,0.01474
401,Random,3,Proposed,4.92,95.08,4754,4754,4751,52540.0,74.1806,0.015614
503,Random,3,Proposed,5.58,94.42,4721,4721,4718,52210.0,71.7441,0.015206
7,Random,5,FIFO,9.74,90.26,4513,4513,4508,50130.0,7.4776,0.001659
19,Random,5,FIFO,9.06,90.94,4547,4547,4542,50470.0,7.3456,0.001617
42,Random,5,FIFO,9.5,90.5,4525,4525,4520,50250.0,7.1874,0.00159
73,Random,5,FIFO,9.16,90.84,4542,4542,4537,50420.0,7.3213,0.001614
101,Random,5,FIFO,8.98,91.02,4551,4551,4546,50510.0,7.1283,0.001568
137,Random,5,FIFO,9.34,90.66,4533,4533,4528,50330.0,7.1547,0.00158
211,Random,5,FIFO,8.36,91.64,4582,4582,4577,50820.0,7.1185,0.001555
307,Random,5,FIFO,8.54,91.46,4573,4573,4568,50730.0,7.2408,0.001585
401,Random,5,FIFO,8.62,91.38,4569,4569,4564,50690.0,7.5527,0.001655
503,Random,5,FIFO,9.68,90.32,4516,4516,4511,50160.0,7.3921,0.001639
7,Random,5,LRU,9.54,90.46,4523,4523,4518,50230.0,11.2918,0.002499
19,Random,5,LRU,8.98,91.02,4551,4551,4546,50510.0,11.7261,0.002579
42,Random,5,LRU,9.52,90.48,4524,4524,4519,50240.0,11.984,0.002652
73,Random,5,LRU,9.22,90.78,4539,4539,4534,50390.0,11.6499,0.002569
101,Random,5,LRU,9.02,90.98,4549,4549,4544,50490.0,11.1974,0.002464
137,Random,5,LRU,9.3,90.7,4535,4535,4530,50350.0,10.888,0.002404
211,Random,5,LRU,8.44,91.56,4578,4578,4573,50780.0,10.9249,0.002389
307,Random,5,LRU,8.7,91.3,4565,4565,4560,50650.0,11.0754,0.002429
401,Random,5,LRU,8.6,91.4,4570,4570,4565,50700.0,11.0894,0.002429
503,Random,5,LRU,9.62,90.38,4519,4519,4514,50190.0,10.8151,0.002396
7,Random,5,Graph_Only,9.7,90.3,4515,4515,4510,50150.0,66.8277,0.014818
19,Random,5,Graph_Only,8.96,91.04,4552,4552,4547,50520.0,69.6426,0.015316
42,Random,5,Graph_Only,10.0,90.0,4500,4500,4495,50000.0,124.8884,0.027784
73,Random,5,Graph_Only,9.46,90.54,4527,4527,4522,50270.0,79.1003,0.017492
101,Random,5,Graph_Only,9.18,90.82,4541,4541,4536,50410.0,70.798,0.015608
137,Random,5,Graph_Only,9.02,90.98,4549,4549,4544,50490.0,69.0497,0.015196
211,Random,5,Graph_Only,8.5,91.5,4575,4575,4570,50750.0,69.0642,0.015113
307,Random,5,Graph_Only,9.02,90.98,4549,4549,4544,50490.0,92.8983,0.020444
401,Random,5,Graph_Only,8.9,91.1,4555,4555,4550,50550.0,88.503,0.019451
503,Random,5,Graph_Only,9.78,90.22,4511,4511,4506,50110.0,118.4116,0.026279
7,Random,5,LSH_Only,9.24,90.76,4538,4538,4533,50380.0,126.9962,0.028016
19,Random,5,LSH_Only,9.3,90.7,4535,4535,4530,50350.0,152.2308,0.033605
42,Random,5,LSH_Only,9.48,90.52,4526,4526,4521,50260.0,101.6231,0.022478
73,Random,5,LSH_Only,9.56,90.44,4522,4522,4517,50220.0,102.8115,0.022761
101,Random,5,LSH_Only,9.38,90.62,4531,4531,4526,50310.0,76.3303,0.016865
137,Random,5,LSH_Only,9.12,90.88,4544,4544,4539,50440.0,88.4627,0.019489
211,Random,5,LSH_Only,9.08,90.92,4546,4546,4541,50460.0,75.5129,0.016629
307,Random,5,LSH_Only,8.72,91.28,4564,4564,4559,50640.0,73.6692,0.016159
401,Random,5,LSH_Only,8.58,91.42,4571,4571,4566,50710.0,71.0727,0.015566
503,Random,5,LSH_Only,9.26,90.74,4537,4537,4532,50370.0,69.3824,0.015309
7,Random,5,Graph_LSH,9.42,90.58,4529,4529,4524,50290.0,84.4233,0.018661
19,Random,5,Graph_LSH,9.02,90.98,4549,4549,4544,50490.0,90.2888,0.01987
42,Random,5,Graph_LSH,9.52,90.48,4524,4524,4519,50240.0,83.2615,0.018425
73,Random,5,Graph_LSH,9.68,90.32,4516,4516,4511,50160.0,74.3963,0.016492
101,Random,5,Graph_LSH,8.98,91.02,4551,4551,4546,50510.0,83.0867,0.018277
137,Random,5,Graph_LSH,9.16,90.84,4542,4542,4537,50420.0,86.5494,0.019076
211,Random,5,Graph_LSH,8.9,91.1,4555,4555,4550,50550.0,81.8097,0.01798
307,Random,5,Graph_LSH,8.7,91.3,4565,4565,4560,50650.0,81.1948,0.017806
401,Random,5,Graph_LSH,8.4,91.6,4580,4580,4575,50800.0,78.125,0.017077
503,Random,5,Graph_LSH,9.38,90.62,4531,4531,4526,50310.0,80.752,0.017842
7,Random,5,Proposed,9.56,90.44,4522,4522,4517,50220.0,87.2842,0.019323
19,Random,5,Proposed,9.64,90.36,4518,4518,4513,50180.0,102.6795,0.022752
42,Random,5,Proposed,9.74,90.26,4513,4513,4508,50130.0,96.2935,0.021361
73,Random,5,Proposed,9.06,90.94,4547,4547,4542,50470.0,94.0689,0.020711
101,Random,5,Proposed,9.04,90.96,4548,4548,4543,50480.0,92.6619,0.020397
137,Random,5,Proposed,9.06,90.94,4547,4547,4542,50470.0,74.6279,0.016431
211,Random,5,Proposed,8.92,91.08,4554,4554,4549,50540.0,61.2569,0.013466
307,Random,5,Proposed,8.5,91.5,4575,4575,4570,50750.0,61.0032,0.013349
401,Random,5,Proposed,8.5,91.5,4575,4575,4570,50750.0,61.4101,0.013438
503,Random,5,Proposed,9.6,90.4,4520,4520,4515,50200.0,61.2689,0.01357
7,Random,10,FIFO,18.9,81.1,4055,4055,4045,45550.0,5.5319,0.001368
19,Random,10,FIFO,18.76,81.24,4062,4062,4052,45620.0,5.2252,0.00129
42,Random,10,FIFO,18.78,81.22,4061,4061,4051,45610.0,5.8495,0.001444
73,Random,10,FIFO,17.96,82.04,4102,4102,4092,46020.0,5.3809,0.001315
101,Random,10,FIFO,18.58,81.42,4071,4071,4061,45710.0,5.3393,0.001315
137,Random,10,FIFO,17.7,82.3,4115,4115,4105,46150.0,5.5203,0.001345
211,Random,10,FIFO,17.22,82.78,4139,4139,4129,46390.0,5.3766,0.001302
307,Random,10,FIFO,17.4,82.6,4130,4130,4120,46300.0,5.4412,0.001321
401,Random,10,FIFO,18.06,81.94,4097,4097,4087,45970.0,5.2727,0.00129
503,Random,10,FIFO,19.0,81.0,4050,4050,4040,45500.0,5.3364,0.001321
7,Random,10,LRU,18.96,81.04,4052,4052,4042,45520.0,10.0451,0.002485
19,Random,10,LRU,18.74,81.26,4063,4063,4053,45630.0,9.9357,0.002451
42,Random,10,LRU,18.74,81.26,4063,4063,4053,45630.0,10.5608,0.002606
73,Random,10,LRU,18.14,81.86,4093,4093,4083,45930.0,10.1579,0.002488
101,Random,10,LRU,18.4,81.6,4080,4080,4070,45800.0,9.9924,0.002455
137,Random,10,LRU,17.58,82.42,4121,4121,4111,46210.0,10.3105,0.002508
211,Random,10,LRU,17.38,82.62,4131,4131,4121,46310.0,10.2439,0.002486
307,Random,10,LRU,17.66,82.34,4117,4117,4107,46170.0,10.1502,0.002471
401,Random,10,LRU,18.04,81.96,4098,4098,4088,45980.0,10.2646,0.002511
503,Random,10,LRU,18.86,81.14,4057,4057,4047,45570.0,9.9735,0.002464
7,Random,10,Graph_Only,19.0,81.0,4050,4050,4040,45500.0,74.4793,0.018435
19,Random,10,Graph_Only,18.74,81.26,4063,4063,4053,45630.0,75.0209,0.01851
42,Random,10,Graph_Only,18.82,81.18,4059,4059,4049,45590.0,78.1278,0.019296
73,Random,10,Graph_Only,18.58,81.42,4071,4071,4061,45710.0,77.805,0.019159
101,Random,10,Graph_Only,18.42,81.58,4079,4079,4069,45790.0,80.4235,0.019765
137,Random,10,Graph_Only,18.12,81.88,4094,4094,4084,45940.0,83.2886,0.020394
211,Random,10,Graph_Only,17.62,82.38,4119,4119,4109,46190.0,84.2017,0.020492
307,Random,10,Graph_Only,18.12,81.88,4094,4094,4084,45940.0,80.2145,0.019641
401,Random,10,Graph_Only,18.04,81.96,4098,4098,4088,45980.0,78.286,0.01915
503,Random,10,Graph_Only,18.0,82.0,4100,4100,4090,46000.0,78.5153,0.019197
7,Random,10,LSH_Only,18.98,81.02,4051,4051,4041,45510.0,77.3029,0.01913
19,Random,10,LSH_Only,17.8,82.2,4110,4110,4100,46100.0,77.1021,0.018805
42,Random,10,LSH_Only,18.16,81.84,4092,4092,4082,45920.0,77.7797,0.019054
73,Random,10,LSH_Only,18.72,81.28,4064,4064,4054,45640.0,79.1781,0.019531
101,Random,10,LSH_Only,18.56,81.44,4072,4072,4062,45720.0,78.5062,0.019327
137,Random,10,LSH_Only,18.32,81.68,4084,4084,4074,45840.0,78.6255,0.019299
211,Random,10,LSH_Only,17.4,82.6,4130,4130,4120,46300.0,77.9218,0.018913
307,Random,10,LSH_Only,17.82,82.18,4109,4109,4099,46090.0,82.7208,0.020181
401,Random,10,LSH_Only,17.62,82.38,4119,4119,4109,46190.0,89.8992,0.021879
503,Random,10,LSH_Only,18.76,81.24,4062,4062,4052,45620.0,86.0312,0.021232
7,Random,10,Graph_LSH,18.46,81.54,4077,4077,4067,45770.0,89.9127,0.022108
19,Random,10,Graph_LSH,18.02,81.98,4099,4099,4089,45990.0,92.0186,0.022504
42,Random,10,Graph_LSH,18.34,81.66,4083,4083,4073,45830.0,83.0662,0.020394
73,Random,10,Graph_LSH,19.1,80.9,4045,4045,4035,45450.0,88.5187,0.021938
101,Random,10,Graph_LSH,18.76,81.24,4062,4062,4052,45620.0,87.1837,0.021516
137,Random,10,Graph_LSH,18.14,81.86,4093,4093,4083,45930.0,86.6946,0.021233
211,Random,10,Graph_LSH,18.14,81.86,4093,4093,4083,45930.0,94.4968,0.023144
307,Random,10,Graph_LSH,17.86,82.14,4107,4107,4097,46070.0,121.0963,0.029557
401,Random,10,Graph_LSH,17.66,82.34,4117,4117,4107,46170.0,123.6034,0.030096
503,Random,10,Graph_LSH,18.68,81.32,4066,4066,4056,45660.0,127.2962,0.031385
7,Random,10,Proposed,18.82,81.18,4059,4059,4049,45590.0,152.9128,0.037766
19,Random,10,Proposed,19.08,80.92,4046,4046,4036,45460.0,158.6684,0.039313
42,Random,10,Proposed,18.56,81.44,4072,4072,4062,45720.0,122.2557,0.030097
73,Random,10,Proposed,18.52,81.48,4074,4074,4064,45740.0,137.0642,0.033726
101,Random,10,Proposed,18.56,81.44,4072,4072,4062,45720.0,155.8567,0.038369
137,Random,10,Proposed,18.3,81.7,4085,4085,4075,45850.0,126.6849,0.031088
211,Random,10,Proposed,17.18,82.82,4141,4141,4131,46410.0,123.6026,0.029921
307,Random,10,Proposed,18.06,81.94,4097,4097,4087,45970.0,127.4876,0.031193
401,Random,10,Proposed,17.72,82.28,4114,4114,4104,46140.0,114.8701,0.02799
503,Random,10,Proposed,18.66,81.34,4067,4067,4057,45670.0,110.6459,0.027273
7,Graph,3,FIFO,40.34,59.66,2983,2983,2980,34830.0,3.881,0.001302
19,Graph,3,FIFO,39.48,60.52,3026,3026,3023,35260.0,3.8285,0.001266
42,Graph,3,FIFO,41.4,58.6,2930,2930,2927,34300.0,3.8398,0.001312
73,Graph,3,FIFO,38.66,61.34,3067,3067,3064,35670.0,3.9436,0.001287
101,Graph,3,FIFO,40.84,59.16,2958,2958,2955,34580.0,3.7231,0.00126
137,Graph,3,FIFO,41.0,59.0,2950,2950,2947,34500.0,3.765,0.001278
211,Graph,3,FIFO,43.24,56.76,2838,2838,2835,33380.0,3.6099,0.001273
307,Graph,3,FIFO,42.2,57.8,2890,2890,2887,33900.0,3.7129,0.001286
401,Graph,3,FIFO,40.0,60.0,3000,3000,2997,35000.0,3.7796,0.001261
503,Graph,3,FIFO,37.24,62.76,3138,3138,3135,36380.0,3.949,0.00126
7,Graph,3,LRU,42.38,57.62,2881,2881,2878,33810.0,5.0749,0.001763
19,Graph,3,LRU,41.54,58.46,2923,2923,2920,34230.0,5.4464,0.001865
42,Graph,3,LRU,43.94,56.06,2803,2803,2800,33030.0,5.0056,0.001788
73,Graph,3,LRU,40.96,59.04,2952,2952,2949,34520.0,5.1964,0.001762
101,Graph,3,LRU,42.72,57.28,2864,2864,2861,33640.0,4.9906,0.001744
137,Graph,3,LRU,43.14,56.86,2843,2843,2840,33430.0,4.9982,0.00176
211,Graph,3,LRU,45.18,54.82,2741,2741,2738,32410.0,4.8659,0.001777
307,Graph,3,LRU,44.44,55.56,2778,2778,2775,32780.0,4.9514,0.001784
401,Graph,3,LRU,42.46,57.54,2877,2877,2874,33770.0,5.0517,0.001758
503,Graph,3,LRU,39.5,60.5,3025,3025,3022,35250.0,5.3458,0.001769
7,Graph,3,Graph_Only,37.8,62.2,3110,3110,3107,36100.0,35.4712,0.011417
19,Graph,3,Graph_Only,37.66,62.34,3117,3117,3114,36170.0,35.5829,0.011427
42,Graph,3,Graph_Only,40.36,59.64,2982,2982,2979,34820.0,34.2279,0.01149
73,Graph,3,Graph_Only,37.7,62.3,3115,3115,3112,36150.0,35.9418,0.011549
101,Graph,3,Graph_Only,39.46,60.54,3027,3027,3024,35270.0,34.443,0.01139
137,Graph,3,Graph_Only,40.0,60.0,3000,3000,2997,35000.0,35.5009,0.011845
211,Graph,3,Graph_Only,42.06,57.94,2897,2897,2894,33970.0,37.4908,0.012955
307,Graph,3,Graph_Only,40.76,59.24,2962,2962,2959,34620.0,39.2246,0.013256
401,Graph,3,Graph_Only,39.2,60.8,3040,3040,3037,35400.0,39.0056,0.012843
503,Graph,3,Graph_Only,36.8,63.2,3160,3160,3157,36600.0,43.951,0.013922
7,Graph,3,LSH_Only,27.66,72.34,3617,3617,3614,41170.0,46.7701,0.012941
19,Graph,3,LSH_Only,27.12,72.88,3644,3644,3641,41440.0,47.178,0.012957
42,Graph,3,LSH_Only,24.5,75.5,3775,3775,3772,42750.0,50.4311,0.01337
73,Graph,3,LSH_Only,27.44,72.56,3628,3628,3625,41280.0,49.1626,0.013562
101,Graph,3,LSH_Only,28.5,71.5,3575,3575,3572,40750.0,48.2491,0.013508
137,Graph,3,LSH_Only,29.5,70.5,3525,3525,3522,40250.0,49.7972,0.014139
211,Graph,3,LSH_Only,31.48,68.52,3426,3426,3423,39260.0,48.5306,0.014178
307,Graph,3,LSH_Only,29.34,70.66,3533,3533,3530,40330.0,54.266,0.015373
401,Graph,3,LSH_Only,29.66,70.34,3517,3517,3514,40170.0,54.523,0.015516
503,Graph,3,LSH_Only,28.46,71.54,3577,3577,3574,40770.0,55.0429,0.015401
7,Graph,3,Graph_LSH,35.8,64.2,3210,3210,3207,37100.0,50.4044,0.015717
19,Graph,3,Graph_LSH,34.72,65.28,3264,3264,3261,37640.0,51.9881,0.015942
42,Graph,3,Graph_LSH,36.2,63.8,3190,3190,3187,36900.0,62.8501,0.019721
73,Graph,3,Graph_LSH,34.26,65.74,3287,3287,3284,37870.0,64.5769,0.019664
101,Graph,3,Graph_LSH,36.3,63.7,3185,3185,3182,36850.0,48.6444,0.015287
137,Graph,3,Graph_LSH,37.1,62.9,3145,3145,3142,36450.0,44.6197,0.014201
211,Graph,3,Graph_LSH,40.06,59.94,2997,2997,2994,34970.0,40.6372,0.013573
307,Graph,3,Graph_LSH,38.98,61.02,3051,3051,3048,35510.0,42.3472,0.013893
401,Graph,3,Graph_LSH,35.64,64.36,3218,3218,3215,37180.0,49.2422,0.015316
503,Graph,3,Graph_LSH,34.6,65.4,3270,3270,3267,37700.0,46.8054,0.014327
7,Graph,3,Proposed,35.92,64.08,3204,3204,3201,37040.0,46.8225,0.014627
19,Graph,3,Proposed,35.34,64.66,3233,3233,3230,37330.0,46.139,0.014285
42,Graph,3,Proposed,36.42,63.58,3179,3179,3176,36790.0,41.229,0.012981
73,Graph,3,Proposed,34.68,65.32,3266,3266,3263,37660.0,43.0738,0.013201
101,Graph,3,Proposed,36.76,63.24,3162,3162,3159,36620.0,42.6694,0.013507
137,Graph,3,Proposed,37.34,62.66,3133,3133,3130,36330.0,40.6646,0.012992
211,Graph,3,Proposed,39.1,60.9,3045,3045,3042,35450.0,46.8528,0.015402
307,Graph,3,Proposed,38.14,61.86,3093,3093,3090,35930.0,50.4116,0.016314
401,Graph,3,Proposed,35.6,64.4,3220,3220,3217,37200.0,44.7391,0.013907
503,Graph,3,Proposed,34.62,65.38,3269,3269,3266,37690.0,46.0999,0.014115
7,Graph,5,FIFO,46.92,53.08,2654,2654,2649,31540.0,4.5583,0.001721
19,Graph,5,FIFO,46.56,53.44,2672,2672,2667,31720.0,5.8468,0.002192
42,Graph,5,FIFO,48.96,51.04,2552,2552,2547,30520.0,4.1854,0.001643
73,Graph,5,FIFO,45.66,54.34,2717,2717,2712,32170.0,4.4179,0.001629
101,Graph,5,FIFO,47.34,52.66,2633,2633,2628,31330.0,4.3227,0.001645
137,Graph,5,FIFO,47.28,52.72,2636,2636,2631,31360.0,4.1593,0.001581
211,Graph,5,FIFO,49.46,50.54,2527,2527,2522,30270.0,3.971,0.001575
307,Graph,5,FIFO,49.44,50.56,2528,2528,2523,30280.0,3.9673,0.001572
401,Graph,5,FIFO,47.32,52.68,2634,2634,2629,31340.0,3.9642,0.001508
503,Graph,5,FIFO,44.96,55.04,2752,2752,2747,32520.0,4.2434,0.001545
7,Graph,5,LRU,48.12,51.88,2594,2594,2589,30940.0,6.0459,0.002335
19,Graph,5,LRU,47.42,52.58,2629,2629,2624,31290.0,6.0813,0.002318
42,Graph,5,LRU,50.1,49.9,2495,2495,2490,29950.0,6.5934,0.002648
73,Graph,5,LRU,47.32,52.68,2634,2634,2629,31340.0,7.7761,0.002958
101,Graph,5,LRU,48.8,51.2,2560,2560,2555,30600.0,5.9148,0.002315
137,Graph,5,LRU,48.56,51.44,2572,2572,2567,30720.0,5.951,0.002318
211,Graph,5,LRU,51.0,49.0,2450,2450,2445,29500.0,5.56,0.002274
307,Graph,5,LRU,50.9,49.1,2455,2455,2450,29550.0,5.5661,0.002272
401,Graph,5,LRU,49.16,50.84,2542,2542,2537,30420.0,5.6736,0.002236
503,Graph,5,LRU,46.48,53.52,2676,2676,2671,31760.0,5.9979,0.002246
7,Graph,5,Graph_Only,46.04,53.96,2698,2698,2693,31980.0,39.7978,0.014778
19,Graph,5,Graph_Only,45.74,54.26,2713,2713,2708,32130.0,39.0748,0.014429
42,Graph,5,Graph_Only,48.72,51.28,2564,2564,2559,30640.0,42.7521,0.016707
73,Graph,5,Graph_Only,45.78,54.22,2711,2711,2706,32110.0,56.0466,0.020712
101,Graph,5,Graph_Only,46.7,53.3,2665,2665,2660,31650.0,66.2148,0.024893
137,Graph,5,Graph_Only,47.54,52.46,2623,2623,2618,31230.0,56.1352,0.021442
211,Graph,5,Graph_Only,49.42,50.58,2529,2529,2524,30290.0,63.946,0.025335
307,Graph,5,Graph_Only,49.5,50.5,2525,2525,2520,30250.0,73.96,0.029349
401,Graph,5,Graph_Only,47.66,52.34,2617,2617,2612,31170.0,57.3999,0.021975
503,Graph,5,Graph_Only,44.62,55.38,2769,2769,2764,32690.0,64.3126,0.023268
7,Graph,5,LSH_Only,36.0,64.0,3200,3200,3195,37000.0,88.2506,0.027621
19,Graph,5,LSH_Only,33.8,66.2,3310,3310,3305,38100.0,86.515,0.026177
42,Graph,5,LSH_Only,32.28,67.72,3386,3386,3381,38860.0,91.8807,0.027176
73,Graph,5,LSH_Only,34.02,65.98,3299,3299,3294,37990.0,66.6498,0.020234
101,Graph,5,LSH_Only,36.34,63.66,3183,3183,3178,36830.0,75.9285,0.023892
137,Graph,5,LSH_Only,38.74,61.26,3063,3063,3058,35630.0,103.596,0.033877
211,Graph,5,LSH_Only,40.66,59.34,2967,2967,2962,34670.0,83.6758,0.02825
307,Graph,5,LSH_Only,38.28,61.72,3086,3086,3081,35860.0,70.9052,0.023014
401,Graph,5,LSH_Only,37.48,62.52,3126,3126,3121,36260.0,80.9229,0.025929
503,Graph,5,LSH_Only,36.52,63.48,3174,3174,3169,36740.0,74.0733,0.023374
7,Graph,5,Graph_LSH,44.08,55.92,2796,2796,2791,32960.0,67.9521,0.024347
19,Graph,5,Graph_LSH,43.5,56.5,2825,2825,2820,33250.0,61.0358,0.021644
42,Graph,5,Graph_LSH,45.1,54.9,2745,2745,2740,32450.0,77.5913,0.028318
73,Graph,5,Graph_LSH,42.98,57.02,2851,2851,2846,33510.0,85.6921,0.03011
101,Graph,5,Graph_LSH,44.26,55.74,2787,2787,2782,32870.0,38.0504,0.013677
137,Graph,5,Graph_LSH,45.2,54.8,2740,2740,2735,32400.0,37.6137,0.013753
211,Graph,5,Graph_LSH,47.72,52.28,2614,2614,2609,31140.0,35.7176,0.01369
307,Graph,5,Graph_LSH,47.22,52.78,2639,2639,2634,31390.0,35.7883,0.013587
401,Graph,5,Graph_LSH,44.5,55.5,2775,2775,2770,32750.0,41.9124,0.015131
503,Graph,5,Graph_LSH,43.06,56.94,2847,2847,2842,33470.0,51.1512,0.017998
7,Graph,5,Proposed,45.08,54.92,2746,2746,2741,32460.0,52.0116,0.018975
19,Graph,5,Proposed,44.42,55.58,2779,2779,2774,32790.0,48.4984,0.017483
42,Graph,5,Proposed,46.02,53.98,2699,2699,2694,31990.0,43.8475,0.016276
73,Graph,5,Proposed,43.76,56.24,2812,2812,2807,33120.0,42.8565,0.015268
101,Graph,5,Proposed,45.2,54.8,2740,2740,2735,32400.0,41.6364,0.015224
137,Graph,5,Proposed,46.1,53.9,2695,2695,2690,31950.0,43.6557,0.016229
211,Graph,5,Proposed,48.64,51.36,2568,2568,2563,30680.0,39.8754,0.015558
307,Graph,5,Proposed,47.4,52.6,2630,2630,2625,31300.0,42.6156,0.016235
401,Graph,5,Proposed,45.26,54.74,2737,2737,2732,32370.0,47.6771,0.017451
503,Graph,5,Proposed,43.8,56.2,2810,2810,2805,33100.0,52.2457,0.018626
7,Graph,10,FIFO,54.44,45.56,2278,2278,2268,27780.0,4.077,0.001798
19,Graph,10,FIFO,53.96,46.04,2302,2302,2292,28020.0,4.8319,0.002108
42,Graph,10,FIFO,56.76,43.24,2162,2162,2152,26620.0,8.5094,0.003954
73,Graph,10,FIFO,53.4,46.6,2330,2330,2320,28300.0,4.9954,0.002153
101,Graph,10,FIFO,54.34,45.66,2283,2283,2273,27830.0,4.1968,0.001846
137,Graph,10,FIFO,55.42,44.58,2229,2229,2219,27290.0,3.8693,0.001744
211,Graph,10,FIFO,57.22,42.78,2139,2139,2129,26390.0,3.7801,0.001776
307,Graph,10,FIFO,57.28,42.72,2136,2136,2126,26360.0,3.8068,0.001791
401,Graph,10,FIFO,54.96,45.04,2252,2252,2242,27520.0,4.0351,0.0018
503,Graph,10,FIFO,53.96,46.04,2302,2302,2292,28020.0,4.1802,0.001824
7,Graph,10,LRU,55.3,44.7,2235,2235,2225,27350.0,7.8929,0.003547
19,Graph,10,LRU,54.84,45.16,2258,2258,2248,27580.0,8.0013,0.003559
42,Graph,10,LRU,57.62,42.38,2119,2119,2109,26190.0,7.7994,0.003698
73,Graph,10,LRU,54.52,45.48,2274,2274,2264,27740.0,8.4318,0.003724
101,Graph,10,LRU,55.2,44.8,2240,2240,2230,27400.0,7.5722,0.003396
137,Graph,10,LRU,56.24,43.76,2188,2188,2178,26880.0,7.487,0.003438
211,Graph,10,LRU,57.5,42.5,2125,2125,2115,26250.0,7.0838,0.003349
307,Graph,10,LRU,58.28,41.72,2086,2086,2076,25860.0,6.9764,0.003361
401,Graph,10,LRU,56.12,43.88,2194,2194,2184,26940.0,7.3229,0.003353
503,Graph,10,LRU,54.64,45.36,2268,2268,2258,27680.0,7.3788,0.003268
7,Graph,10,Graph_Only,55.6,44.4,2220,2220,2210,27200.0,51.7498,0.023416
19,Graph,10,Graph_Only,55.44,44.56,2228,2228,2218,27280.0,50.2127,0.022639
42,Graph,10,Graph_Only,57.46,42.54,2127,2127,2117,26270.0,59.8055,0.02825
73,Graph,10,Graph_Only,55.4,44.6,2230,2230,2220,27300.0,56.526,0.025462
101,Graph,10,Graph_Only,55.88,44.12,2206,2206,2196,27060.0,50.2799,0.022896
137,Graph,10,Graph_Only,57.04,42.96,2148,2148,2138,26480.0,48.3539,0.022616
211,Graph,10,Graph_Only,58.08,41.92,2096,2096,2086,25960.0,46.1033,0.022101
307,Graph,10,Graph_Only,58.74,41.26,2063,2063,2053,25630.0,44.7613,0.021803
401,Graph,10,Graph_Only,56.32,43.68,2184,2184,2174,26840.0,47.4217,0.021813
503,Graph,10,Graph_Only,54.7,45.3,2265,2265,2255,27650.0,44.7831,0.019859
7,Graph,10,LSH_Only,48.52,51.48,2574,2574,2564,30740.0,50.0941,0.019537
19,Graph,10,LSH_Only,48.16,51.84,2592,2592,2582,30920.0,55.2461,0.021397
42,Graph,10,LSH_Only,43.76,56.24,2812,2812,2802,33120.0,63.9882,0.022837
73,Graph,10,LSH_Only,47.2,52.8,2640,2640,2630,31400.0,59.0911,0.022468
101,Graph,10,LSH_Only,48.88,51.12,2556,2556,2546,30560.0,55.7077,0.02188
137,Graph,10,LSH_Only,50.72,49.28,2464,2464,2454,29640.0,82.958,0.033805
211,Graph,10,LSH_Only,52.1,47.9,2395,2395,2385,28950.0,76.0031,0.031867
307,Graph,10,LSH_Only,49.68,50.32,2516,2516,2506,30160.0,79.6801,0.031796
401,Graph,10,LSH_Only,48.76,51.24,2562,2562,2552,30620.0,74.55,0.029212
503,Graph,10,LSH_Only,47.7,52.3,2615,2615,2605,31150.0,87.9373,0.033757
7,Graph,10,Graph_LSH,54.26,45.74,2287,2287,2277,27870.0,72.8182,0.03198
19,Graph,10,Graph_LSH,54.28,45.72,2286,2286,2276,27860.0,82.4356,0.03622
42,Graph,10,Graph_LSH,55.48,44.52,2226,2226,2216,27260.0,127.6377,0.057598
73,Graph,10,Graph_LSH,53.58,46.42,2321,2321,2311,28210.0,86.866,0.037588
101,Graph,10,Graph_LSH,54.94,45.06,2253,2253,2243,27530.0,77.2309,0.034432
137,Graph,10,Graph_LSH,55.12,44.88,2244,2244,2234,27440.0,76.3218,0.034164
211,Graph,10,Graph_LSH,56.32,43.68,2184,2184,2174,26840.0,75.0147,0.034505
307,Graph,10,Graph_LSH,56.86,43.14,2157,2157,2147,26570.0,77.2528,0.035982
401,Graph,10,Graph_LSH,55.4,44.6,2230,2230,2220,27300.0,72.487,0.032652
503,Graph,10,Graph_LSH,53.86,46.14,2307,2307,2297,28070.0,74.8085,0.032568
7,Graph,10,Proposed,55.36,44.64,2232,2232,2222,27320.0,73.2073,0.032947
19,Graph,10,Proposed,54.56,45.44,2272,2272,2262,27720.0,78.3199,0.034624
42,Graph,10,Proposed,57.38,42.62,2131,2131,2121,26310.0,76.1183,0.035888
73,Graph,10,Proposed,54.04,45.96,2298,2298,2288,27980.0,75.2563,0.032892
101,Graph,10,Proposed,55.08,44.92,2246,2246,2236,27460.0,81.6199,0.036503
137,Graph,10,Proposed,56.34,43.66,2183,2183,2173,26830.0,83.0168,0.038204
211,Graph,10,Proposed,57.92,42.08,2104,2104,2094,26040.0,69.9046,0.033383
307,Graph,10,Proposed,58.24,41.76,2088,2088,2078,25880.0,38.9904,0.018763
401,Graph,10,Proposed,56.32,43.68,2184,2184,2174,26840.0,38.7469,0.017823
503,Graph,10,Proposed,54.34,45.66,2283,2283,2273,27830.0,40.9583,0.018019
7,Vector,3,FIFO,95.72,4.28,214,214,211,7140.0,0.367,0.001739
19,Vector,3,FIFO,95.8,4.2,210,210,207,7100.0,0.3302,0.001595
42,Vector,3,FIFO,95.86,4.14,207,207,204,7070.0,0.3561,0.001746
73,Vector,3,FIFO,95.96,4.04,202,202,199,7020.0,0.3389,0.001703
101,Vector,3,FIFO,95.66,4.34,217,217,214,7170.0,0.3363,0.001571
137,Vector,3,FIFO,95.6,4.4,220,220,217,7200.0,0.3692,0.001701
211,Vector,3,FIFO,95.8,4.2,210,210,207,7100.0,0.3543,0.001712
307,Vector,3,FIFO,95.92,4.08,204,204,201,7040.0,0.3343,0.001663
401,Vector,3,FIFO,95.74,4.26,213,213,210,7130.0,0.35,0.001667
503,Vector,3,FIFO,95.56,4.44,222,222,219,7220.0,0.3771,0.001722
7,Vector,3,LRU,95.74,4.26,213,213,210,7130.0,0.5464,0.002602
19,Vector,3,LRU,95.8,4.2,210,210,207,7100.0,0.5387,0.002602
42,Vector,3,LRU,95.82,4.18,209,209,206,7090.0,0.478,0.00232
73,Vector,3,LRU,96.1,3.9,195,195,192,6950.0,0.5919,0.003083
101,Vector,3,LRU,95.74,4.26,213,213,210,7130.0,0.7215,0.003436
137,Vector,3,LRU,95.62,4.38,219,219,216,7190.0,0.5855,0.002711
211,Vector,3,LRU,95.92,4.08,204,204,201,7040.0,0.4959,0.002467
307,Vector,3,LRU,96.0,4.0,200,200,197,7000.0,0.5225,0.002652
401,Vector,3,LRU,95.68,4.32,216,216,213,7160.0,0.6561,0.00308
503,Vector,3,LRU,95.6,4.4,220,220,217,7200.0,0.5293,0.002439
7,Vector,3,Graph_Only,95.78,4.22,211,211,208,7110.0,3.2687,0.015715
19,Vector,3,Graph_Only,95.78,4.22,211,211,208,7110.0,3.2916,0.015825
42,Vector,3,Graph_Only,95.78,4.22,211,211,208,7110.0,3.2598,0.015672
73,Vector,3,Graph_Only,95.86,4.14,207,207,204,7070.0,3.1742,0.01556
101,Vector,3,Graph_Only,95.72,4.28,214,214,211,7140.0,2.9674,0.014064
137,Vector,3,Graph_Only,95.6,4.4,220,220,217,7200.0,3.0174,0.013905
211,Vector,3,Graph_Only,95.8,4.2,210,210,207,7100.0,2.8141,0.013595
307,Vector,3,Graph_Only,95.96,4.04,202,202,199,7020.0,2.7058,0.013597
401,Vector,3,Graph_Only,95.82,4.18,209,209,206,7090.0,3.0065,0.014595
503,Vector,3,Graph_Only,95.7,4.3,215,215,212,7150.0,3.0951,0.0146
7,Vector,3,LSH_Only,95.94,4.06,203,203,200,7030.0,3.1382,0.015691
19,Vector,3,LSH_Only,96.04,3.96,198,198,195,6980.0,2.672,0.013703
42,Vector,3,LSH_Only,96.02,3.98,199,199,196,6990.0,2.7239,0.013897
73,Vector,3,LSH_Only,96.3,3.7,185,185,182,6850.0,2.5934,0.014249
101,Vector,3,LSH_Only,95.96,4.04,202,202,199,7020.0,3.1089,0.015623
137,Vector,3,LSH_Only,95.8,4.2,210,210,207,7100.0,2.8534,0.013785
211,Vector,3,LSH_Only,96.22,3.78,189,189,186,6890.0,2.5603,0.013765
307,Vector,3,LSH_Only,96.14,3.86,193,193,190,6930.0,2.5067,0.013193
401,Vector,3,LSH_Only,95.96,4.04,202,202,199,7020.0,2.7645,0.013892
503,Vector,3,LSH_Only,95.86,4.14,207,207,204,7070.0,2.7904,0.013678
7,Vector,3,Graph_LSH,95.92,4.08,204,204,201,7040.0,3.0562,0.015205
19,Vector,3,Graph_LSH,95.94,4.06,203,203,200,7030.0,2.8087,0.014044
42,Vector,3,Graph_LSH,95.92,4.08,204,204,201,7040.0,2.9108,0.014482
73,Vector,3,Graph_LSH,96.16,3.84,192,192,189,6920.0,2.9011,0.01535
101,Vector,3,Graph_LSH,95.82,4.18,209,209,206,7090.0,3.2482,0.015768
137,Vector,3,Graph_LSH,95.66,4.34,217,217,214,7170.0,3.0962,0.014468
211,Vector,3,Graph_LSH,96.02,3.98,199,199,196,6990.0,2.9098,0.014846
307,Vector,3,Graph_LSH,96.14,3.86,193,193,190,6930.0,2.6675,0.014039
401,Vector,3,Graph_LSH,95.88,4.12,206,206,203,7060.0,2.7632,0.013612
503,Vector,3,Graph_LSH,95.76,4.24,212,212,209,7120.0,2.8611,0.013689
7,Vector,3,Proposed,95.92,4.08,204,204,201,7040.0,2.7532,0.013698
19,Vector,3,Proposed,95.92,4.08,204,204,201,7040.0,2.6885,0.013376
42,Vector,3,Proposed,95.94,4.06,203,203,200,7030.0,2.5866,0.012933
73,Vector,3,Proposed,96.22,3.78,189,189,186,6890.0,2.5487,0.013703
101,Vector,3,Proposed,95.9,4.1,205,205,202,7050.0,2.6169,0.012955
137,Vector,3,Proposed,95.7,4.3,215,215,212,7150.0,2.8868,0.013617
211,Vector,3,Proposed,96.0,4.0,200,200,197,7000.0,2.5391,0.012889
307,Vector,3,Proposed,96.1,3.9,195,195,192,6950.0,2.6134,0.013611
401,Vector,3,Proposed,95.8,4.2,210,210,207,7100.0,2.845,0.013744
503,Vector,3,Proposed,95.74,4.26,213,213,210,7130.0,2.7935,0.013302
7,Vector,5,FIFO,96.12,3.88,194,194,189,6940.0,0.2834,0.001499
19,Vector,5,FIFO,96.16,3.84,192,192,187,6920.0,0.4358,0.00233
42,Vector,5,FIFO,96.2,3.8,190,190,185,6900.0,0.3734,0.002018
73,Vector,5,FIFO,96.4,3.6,180,180,175,6800.0,0.2635,0.001506
101,Vector,5,FIFO,96.06,3.94,197,197,192,6970.0,0.2776,0.001446
137,Vector,5,FIFO,96.04,3.96,198,198,193,6980.0,0.2913,0.001509
211,Vector,5,FIFO,96.22,3.78,189,189,184,6890.0,0.2782,0.001512
307,Vector,5,FIFO,96.46,3.54,177,177,172,6770.0,0.2625,0.001526
401,Vector,5,FIFO,96.1,3.9,195,195,190,6950.0,0.294,0.001547
503,Vector,5,FIFO,96.08,3.92,196,196,191,6960.0,0.2889,0.001513
7,Vector,5,LRU,96.22,3.78,189,189,184,6890.0,0.5113,0.002779
19,Vector,5,LRU,96.16,3.84,192,192,187,6920.0,0.4565,0.002441
42,Vector,5,LRU,96.28,3.72,186,186,181,6860.0,0.4203,0.002322
73,Vector,5,LRU,96.5,3.5,175,175,170,6750.0,0.4002,0.002354
101,Vector,5,LRU,96.16,3.84,192,192,187,6920.0,0.4564,0.002441
137,Vector,5,LRU,96.14,3.86,193,193,188,6930.0,0.4578,0.002435
211,Vector,5,LRU,96.26,3.74,187,187,182,6870.0,0.4114,0.00226
307,Vector,5,LRU,96.56,3.44,172,172,167,6720.0,0.3839,0.002299
401,Vector,5,LRU,96.16,3.84,192,192,187,6920.0,0.4455,0.002382
503,Vector,5,LRU,96.12,3.88,194,194,189,6940.0,0.4301,0.002276
7,Vector,5,Graph_Only,96.26,3.74,187,187,182,6870.0,2.7516,0.015119
19,Vector,5,Graph_Only,96.3,3.7,185,185,180,6850.0,2.6847,0.014915
42,Vector,5,Graph_Only,96.1,3.9,195,195,190,6950.0,2.804,0.014758
73,Vector,5,Graph_Only,96.42,3.58,179,179,174,6790.0,2.6054,0.014974
101,Vector,5,Graph_Only,96.2,3.8,190,190,185,6900.0,2.8363,0.015331
137,Vector,5,Graph_Only,95.98,4.02,201,201,196,7010.0,3.1986,0.016319
211,Vector,5,Graph_Only,96.22,3.78,189,189,184,6890.0,2.9702,0.016142
307,Vector,5,Graph_Only,96.52,3.48,174,174,169,6740.0,2.6908,0.015922
401,Vector,5,Graph_Only,96.26,3.74,187,187,182,6870.0,2.9125,0.016003
503,Vector,5,Graph_Only,96.2,3.8,190,190,185,6900.0,3.3605,0.018165
7,Vector,5,LSH_Only,96.66,3.34,167,167,162,6670.0,2.9819,0.018407
19,Vector,5,LSH_Only,96.62,3.38,169,169,164,6690.0,3.0732,0.018739
42,Vector,5,LSH_Only,96.52,3.48,174,174,169,6740.0,3.0647,0.018134
73,Vector,5,LSH_Only,96.88,3.12,156,156,151,6560.0,2.8619,0.018953
101,Vector,5,LSH_Only,96.64,3.36,168,168,163,6680.0,2.8694,0.017604
137,Vector,5,LSH_Only,96.5,3.5,175,175,170,6750.0,3.0028,0.017664
211,Vector,5,LSH_Only,96.64,3.36,168,168,163,6680.0,3.0097,0.018464
307,Vector,5,LSH_Only,96.78,3.22,161,161,156,6610.0,2.9169,0.018698
401,Vector,5,LSH_Only,96.64,3.36,168,168,163,6680.0,2.9497,0.018096
503,Vector,5,LSH_Only,96.58,3.42,171,171,166,6710.0,3.0633,0.018454
7,Vector,5,Graph_LSH,96.6,3.4,170,170,165,6700.0,2.6317,0.01595
19,Vector,5,Graph_LSH,96.4,3.6,180,180,175,6800.0,2.8621,0.016355
42,Vector,5,Graph_LSH,96.3,3.7,185,185,180,6850.0,2.7525,0.015292
73,Vector,5,Graph_LSH,96.78,3.22,161,161,156,6610.0,2.4339,0.015602
101,Vector,5,Graph_LSH,96.4,3.6,180,180,175,6800.0,2.6819,0.015325
137,Vector,5,Graph_LSH,96.34,3.66,183,183,178,6830.0,2.6606,0.014947
211,Vector,5,Graph_LSH,96.52,3.48,174,174,169,6740.0,2.5305,0.014973
307,Vector,5,Graph_LSH,96.72,3.28,164,164,159,6640.0,2.3916,0.015042
401,Vector,5,Graph_LSH,96.52,3.48,174,174,169,6740.0,2.6534,0.015701
503,Vector,5,Graph_LSH,96.34,3.66,183,183,178,6830.0,2.6312,0.014782
7,Vector,5,Proposed,96.62,3.38,169,169,164,6690.0,2.4604,0.015002
19,Vector,5,Proposed,96.36,3.64,182,182,177,6820.0,3.2424,0.018319
42,Vector,5,Proposed,96.44,3.56,178,178,173,6780.0,2.5889,0.014965
73,Vector,5,Proposed,96.92,3.08,154,154,149,6540.0,2.3134,0.015526
101,Vector,5,Proposed,96.6,3.4,170,170,165,6700.0,2.5572,0.015498
137,Vector,5,Proposed,96.34,3.66,183,183,178,6830.0,2.7481,0.015439
211,Vector,5,Proposed,96.56,3.44,172,172,167,6720.0,2.7388,0.0164
307,Vector,5,Proposed,96.7,3.3,165,165,160,6650.0,2.7576,0.017235
401,Vector,5,Proposed,96.48,3.52,176,176,171,6760.0,4.0651,0.023773
503,Vector,5,Proposed,96.48,3.52,176,176,171,6760.0,4.0137,0.023472
7,Vector,10,FIFO,97.14,2.86,143,143,133,6430.0,0.3045,0.002289
19,Vector,10,FIFO,96.88,3.12,156,156,146,6560.0,0.3056,0.002093
42,Vector,10,FIFO,96.88,3.12,156,156,146,6560.0,0.3185,0.002182
73,Vector,10,FIFO,97.38,2.62,131,131,121,6310.0,0.2783,0.0023
101,Vector,10,FIFO,97.1,2.9,145,145,135,6450.0,0.3739,0.00277
137,Vector,10,FIFO,97.04,2.96,148,148,138,6480.0,0.3128,0.002267
211,Vector,10,FIFO,96.94,3.06,153,153,143,6530.0,0.4945,0.003458
307,Vector,10,FIFO,97.32,2.68,134,134,124,6340.0,0.3376,0.002723
401,Vector,10,FIFO,97.06,2.94,147,147,137,6470.0,0.6844,0.004996
503,Vector,10,FIFO,96.98,3.02,151,151,141,6510.0,0.3537,0.002509
7,Vector,10,LRU,97.3,2.7,135,135,125,6350.0,0.5554,0.004443
19,Vector,10,LRU,97.08,2.92,146,146,136,6460.0,0.588,0.004324
42,Vector,10,LRU,97.0,3.0,150,150,140,6500.0,0.6039,0.004314
73,Vector,10,LRU,97.54,2.46,123,123,113,6230.0,0.5281,0.004673
101,Vector,10,LRU,97.3,2.7,135,135,125,6350.0,0.5192,0.004154
137,Vector,10,LRU,97.16,2.84,142,142,132,6420.0,0.5655,0.004284
211,Vector,10,LRU,97.14,2.86,143,143,133,6430.0,0.5407,0.004065
307,Vector,10,LRU,97.62,2.38,119,119,109,6190.0,0.4456,0.004088
401,Vector,10,LRU,97.12,2.88,144,144,134,6440.0,0.5258,0.003924
503,Vector,10,LRU,97.36,2.64,132,132,122,6320.0,0.6146,0.005038
7,Vector,10,Graph_Only,97.14,2.86,143,143,133,6430.0,4.2149,0.031691
19,Vector,10,Graph_Only,97.18,2.82,141,141,131,6410.0,3.7134,0.028347
42,Vector,10,Graph_Only,97.08,2.92,146,146,136,6460.0,3.6682,0.026972
73,Vector,10,Graph_Only,97.28,2.72,136,136,126,6360.0,3.9036,0.030981
101,Vector,10,Graph_Only,97.16,2.84,142,142,132,6420.0,3.9599,0.029999
137,Vector,10,Graph_Only,97.1,2.9,145,145,135,6450.0,3.9465,0.029233
211,Vector,10,Graph_Only,97.12,2.88,144,144,134,6440.0,3.9614,0.029563
307,Vector,10,Graph_Only,97.32,2.68,134,134,124,6340.0,4.0865,0.032956
401,Vector,10,Graph_Only,97.1,2.9,145,145,135,6450.0,4.1713,0.030899
503,Vector,10,Graph_Only,97.22,2.78,139,139,129,6390.0,3.761,0.029155
7,Vector,10,LSH_Only,97.88,2.12,106,106,96,6060.0,3.3575,0.034974
19,Vector,10,LSH_Only,97.42,2.58,129,129,119,6290.0,3.3768,0.028376
42,Vector,10,LSH_Only,97.58,2.42,121,121,111,6210.0,3.5086,0.031609
73,Vector,10,LSH_Only,98.02,1.98,99,99,89,5990.0,3.2692,0.036733
101,Vector,10,LSH_Only,97.74,2.26,113,113,103,6130.0,2.7937,0.027123
137,Vector,10,LSH_Only,97.56,2.44,122,122,112,6220.0,3.2952,0.029421
211,Vector,10,LSH_Only,97.54,2.46,123,123,113,6230.0,3.4242,0.030303
307,Vector,10,LSH_Only,97.8,2.2,110,110,100,6100.0,3.0209,0.030209
401,Vector,10,LSH_Only,97.62,2.38,119,119,109,6190.0,3.258,0.02989
503,Vector,10,LSH_Only,97.64,2.36,118,118,108,6180.0,3.4548,0.031989
7,Vector,10,Graph_LSH,97.74,2.26,113,113,103,6130.0,3.6303,0.035246
19,Vector,10,Graph_LSH,97.28,2.72,136,136,126,6360.0,3.4964,0.027749
42,Vector,10,Graph_LSH,97.6,2.4,120,120,110,6200.0,3.0374,0.027613
73,Vector,10,Graph_LSH,97.72,2.28,114,114,104,6140.0,3.4485,0.033159
101,Vector,10,Graph_LSH,97.46,2.54,127,127,117,6270.0,3.6537,0.031228
137,Vector,10,Graph_LSH,97.42,2.58,129,129,119,6290.0,3.2885,0.027634
211,Vector,10,Graph_LSH,97.5,2.5,125,125,115,6250.0,3.4066,0.029623
307,Vector,10,Graph_LSH,97.68,2.32,116,116,106,6160.0,3.5831,0.033803
401,Vector,10,Graph_LSH,97.46,2.54,127,127,117,6270.0,3.2512,0.027788
503,Vector,10,Graph_LSH,97.48,2.52,126,126,116,6260.0,3.2848,0.028317
7,Vector,10,Proposed,97.7,2.3,115,115,105,6150.0,3.3518,0.031922
19,Vector,10,Proposed,97.44,2.56,128,128,118,6280.0,3.4071,0.028874
42,Vector,10,Proposed,97.66,2.34,117,117,107,6170.0,3.1315,0.029266
73,Vector,10,Proposed,97.88,2.12,106,106,96,6060.0,2.9712,0.03095
101,Vector,10,Proposed,97.78,2.22,111,111,101,6110.0,2.8041,0.027763
137,Vector,10,Proposed,97.46,2.54,127,127,117,6270.0,3.6721,0.031385
211,Vector,10,Proposed,97.54,2.46,123,123,113,6230.0,3.561,0.031513
307,Vector,10,Proposed,97.66,2.34,117,117,107,6170.0,3.2208,0.030101
401,Vector,10,Proposed,97.38,2.62,131,131,121,6310.0,3.5703,0.029507
503,Vector,10,Proposed,97.58,2.42,121,121,111,6210.0,3.2498,0.029277
7,Mixed,3,FIFO,6.76,93.24,4662,4662,4659,51620.0,9.4302,0.002024
19,Mixed,3,FIFO,7.04,92.96,4648,4648,4645,51480.0,12.3384,0.002656
42,Mixed,3,FIFO,6.08,93.92,4696,4696,4693,51960.0,10.8815,0.002319
73,Mixed,3,FIFO,5.78,94.22,4711,4711,4708,52110.0,9.0085,0.001913
101,Mixed,3,FIFO,6.18,93.82,4691,4691,4688,51910.0,8.8002,0.001877
137,Mixed,3,FIFO,6.44,93.56,4678,4678,4675,51780.0,10.4688,0.002239
211,Mixed,3,FIFO,6.06,93.94,4697,4697,4694,51970.0,10.3804,0.002211
307,Mixed,3,FIFO,6.48,93.52,4676,4676,4673,51760.0,6.0657,0.001298
401,Mixed,3,FIFO,6.32,93.68,4684,4684,4681,51840.0,6.5805,0.001406
503,Mixed,3,FIFO,6.02,93.98,4699,4699,4696,51990.0,5.8808,0.001252
7,Mixed,3,LRU,6.96,93.04,4652,4652,4649,51520.0,8.0506,0.001732
19,Mixed,3,LRU,7.02,92.98,4649,4649,4646,51490.0,7.9487,0.001711
42,Mixed,3,LRU,6.18,93.82,4691,4691,4688,51910.0,8.1175,0.001732
73,Mixed,3,LRU,5.88,94.12,4706,4706,4703,52060.0,8.0722,0.001716
101,Mixed,3,LRU,6.32,93.68,4684,4684,4681,51840.0,8.0695,0.001724
137,Mixed,3,LRU,6.58,93.42,4671,4671,4668,51710.0,7.9405,0.001701
211,Mixed,3,LRU,6.24,93.76,4688,4688,4685,51880.0,8.0951,0.001728
307,Mixed,3,LRU,6.54,93.46,4673,4673,4670,51730.0,8.1091,0.001736
401,Mixed,3,LRU,6.38,93.62,4681,4681,4678,51810.0,7.9681,0.001703
503,Mixed,3,LRU,5.98,94.02,4701,4701,4698,52010.0,8.0949,0.001723
7,Mixed,3,Graph_Only,6.88,93.12,4656,4656,4653,51560.0,53.1395,0.01142
19,Mixed,3,Graph_Only,7.08,92.92,4646,4646,4643,51460.0,53.0601,0.011428
42,Mixed,3,Graph_Only,6.38,93.62,4681,4681,4678,51810.0,53.8796,0.011518
73,Mixed,3,Graph_Only,6.62,93.38,4669,4669,4666,51690.0,54.1295,0.011601
101,Mixed,3,Graph_Only,6.4,93.6,4680,4680,4677,51800.0,53.4342,0.011425
137,Mixed,3,Graph_Only,6.3,93.7,4685,4685,4682,51850.0,59.7775,0.012768
211,Mixed,3,Graph_Only,6.46,93.54,4677,4677,4674,51770.0,55.9301,0.011966
307,Mixed,3,Graph_Only,6.48,93.52,4676,4676,4673,51760.0,59.823,0.012802
401,Mixed,3,Graph_Only,6.6,93.4,4670,4670,4667,51700.0,59.5885,0.012768
503,Mixed,3,Graph_Only,6.32,93.68,4684,4684,4681,51840.0,62.1874,0.013285
7,Mixed,3,LSH_Only,9.82,90.18,4509,4509,4506,50090.0,60.8966,0.013515
19,Mixed,3,LSH_Only,10.42,89.58,4479,4479,4476,49790.0,61.5711,0.013756
42,Mixed,3,LSH_Only,8.84,91.16,4558,4558,4555,50580.0,59.6556,0.013097
73,Mixed,3,LSH_Only,9.28,90.72,4536,4536,4533,50360.0,57.0031,0.012575
101,Mixed,3,LSH_Only,8.98,91.02,4551,4551,4548,50510.0,55.4702,0.012197
137,Mixed,3,LSH_Only,9.74,90.26,4513,4513,4510,50130.0,57.097,0.01266
211,Mixed,3,LSH_Only,9.76,90.24,4512,4512,4509,50120.0,56.0169,0.012423
307,Mixed,3,LSH_Only,9.72,90.28,4514,4514,4511,50140.0,58.7553,0.013025
401,Mixed,3,LSH_Only,9.88,90.12,4506,4506,4503,50060.0,57.8832,0.012854
503,Mixed,3,LSH_Only,9.4,90.6,4530,4530,4527,50300.0,57.5136,0.012705
7,Mixed,3,Graph_LSH,8.88,91.12,4556,4556,4553,50560.0,58.6418,0.01288
19,Mixed,3,Graph_LSH,9.18,90.82,4541,4541,4538,50410.0,56.3362,0.012414
42,Mixed,3,Graph_LSH,8.04,91.96,4598,4598,4595,50980.0,56.4733,0.01229
73,Mixed,3,Graph_LSH,7.96,92.04,4602,4602,4599,51020.0,58.4115,0.012701
101,Mixed,3,Graph_LSH,7.7,92.3,4615,4615,4612,51150.0,57.1407,0.01239
137,Mixed,3,Graph_LSH,8.42,91.58,4579,4579,4576,50790.0,55.8979,0.012215
211,Mixed,3,Graph_LSH,8.42,91.58,4579,4579,4576,50790.0,57.4193,0.012548
307,Mixed,3,Graph_LSH,8.74,91.26,4563,4563,4560,50630.0,59.8598,0.013127
401,Mixed,3,Graph_LSH,8.74,91.26,4563,4563,4560,50630.0,61.1174,0.013403
503,Mixed,3,Graph_LSH,8.36,91.64,4582,4582,4579,50820.0,59.7578,0.01305
7,Mixed,3,Proposed,9.36,90.64,4532,4532,4529,50320.0,60.4144,0.013339
19,Mixed,3,Proposed,9.4,90.6,4530,4530,4527,50300.0,56.9138,0.012572
42,Mixed,3,Proposed,8.54,91.46,4573,4573,4570,50730.0,56.8526,0.01244
73,Mixed,3,Proposed,8.1,91.9,4595,4595,4592,50950.0,57.5527,0.012533
101,Mixed,3,Proposed,8.42,91.58,4579,4579,4576,50790.0,56.5785,0.012364
137,Mixed,3,Proposed,8.66,91.34,4567,4567,4564,50670.0,57.6907,0.01264
211,Mixed,3,Proposed,8.92,91.08,4554,4554,4551,50540.0,57.8741,0.012717
307,Mixed,3,Proposed,9.04,90.96,4548,4548,4545,50480.0,58.7388,0.012924
401,Mixed,3,Proposed,9.0,91.0,4550,4550,4547,50500.0,59.3525,0.013053
503,Mixed,3,Proposed,8.58,91.42,4571,4571,4568,50710.0,58.5156,0.01281
7,Mixed,5,FIFO,11.72,88.28,4414,4414,4409,49140.0,7.8168,0.001773
19,Mixed,5,FIFO,12.3,87.7,4385,4385,4380,48850.0,6.5672,0.001499
42,Mixed,5,FIFO,11.14,88.86,4443,4443,4438,49430.0,6.4424,0.001452
73,Mixed,5,FIFO,11.02,88.98,4449,4449,4444,49490.0,6.516,0.001466
101,Mixed,5,FIFO,11.14,88.86,4443,4443,4438,49430.0,6.6094,0.001489
137,Mixed,5,FIFO,11.32,88.68,4434,4434,4429,49340.0,6.4205,0.00145
211,Mixed,5,FIFO,11.66,88.34,4417,4417,4412,49170.0,6.2451,0.001415
307,Mixed,5,FIFO,11.62,88.38,4419,4419,4414,49190.0,6.3028,0.001428
401,Mixed,5,FIFO,10.94,89.06,4453,4453,4448,49530.0,6.5666,0.001476
503,Mixed,5,FIFO,11.28,88.72,4436,4436,4431,49360.0,6.4165,0.001448
7,Mixed,5,LRU,12.24,87.76,4388,4388,4383,48880.0,9.6839,0.002209
19,Mixed,5,LRU,12.2,87.8,4390,4390,4385,48900.0,9.8468,0.002246
42,Mixed,5,LRU,11.34,88.66,4433,4433,4428,49330.0,10.7013,0.002417
73,Mixed,5,LRU,11.1,88.9,4445,4445,4440,49450.0,15.4142,0.003472
101,Mixed,5,LRU,11.62,88.38,4419,4419,4414,49190.0,14.6835,0.003327
137,Mixed,5,LRU,11.52,88.48,4424,4424,4419,49240.0,15.7528,0.003565
211,Mixed,5,LRU,11.62,88.38,4419,4419,4414,49190.0,14.3124,0.003243
307,Mixed,5,LRU,12.08,87.92,4396,4396,4391,48960.0,13.4775,0.003069
401,Mixed,5,LRU,11.32,88.68,4434,4434,4429,49340.0,15.0456,0.003397
503,Mixed,5,LRU,11.08,88.92,4446,4446,4441,49460.0,13.952,0.003142
7,Mixed,5,Graph_Only,12.86,87.14,4357,4357,4352,48570.0,86.2619,0.019821
19,Mixed,5,Graph_Only,12.7,87.3,4365,4365,4360,48650.0,91.0018,0.020872
42,Mixed,5,Graph_Only,11.76,88.24,4412,4412,4407,49120.0,89.7671,0.020369
73,Mixed,5,Graph_Only,11.54,88.46,4423,4423,4418,49230.0,98.0021,0.022182
101,Mixed,5,Graph_Only,12.06,87.94,4397,4397,4392,48970.0,87.9491,0.020025
137,Mixed,5,Graph_Only,11.92,88.08,4404,4404,4399,49040.0,95.1117,0.021621
211,Mixed,5,Graph_Only,11.44,88.56,4428,4428,4423,49280.0,92.324,0.020874
307,Mixed,5,Graph_Only,12.66,87.34,4367,4367,4362,48670.0,91.7332,0.02103
401,Mixed,5,Graph_Only,11.74,88.26,4413,4413,4408,49130.0,90.838,0.020608
503,Mixed,5,Graph_Only,11.56,88.44,4422,4422,4417,49220.0,94.5761,0.021412
7,Mixed,5,LSH_Only,17.82,82.18,4109,4109,4104,46090.0,84.0505,0.02048
19,Mixed,5,LSH_Only,18.58,81.42,4071,4071,4066,45710.0,83.3285,0.020494
42,Mixed,5,LSH_Only,16.5,83.5,4175,4175,4170,46750.0,85.0346,0.020392
73,Mixed,5,LSH_Only,17.02,82.98,4149,4149,4144,46490.0,86.0868,0.020774
101,Mixed,5,LSH_Only,16.98,83.02,4151,4151,4146,46510.0,84.2263,0.020315
137,Mixed,5,LSH_Only,17.7,82.3,4115,4115,4110,46150.0,85.1934,0.020728
211,Mixed,5,LSH_Only,17.56,82.44,4122,4122,4117,46220.0,86.539,0.02102
307,Mixed,5,LSH_Only,17.82,82.18,4109,4109,4104,46090.0,85.5081,0.020835
401,Mixed,5,LSH_Only,17.22,82.78,4139,4139,4134,46390.0,79.1969,0.019157
503,Mixed,5,LSH_Only,16.9,83.1,4155,4155,4150,46550.0,55.2478,0.013313
7,Mixed,5,Graph_LSH,16.16,83.84,4192,4192,4187,46920.0,55.0549,0.013149
19,Mixed,5,Graph_LSH,16.3,83.7,4185,4185,4180,46850.0,55.4032,0.013254
42,Mixed,5,Graph_LSH,14.54,85.46,4273,4273,4268,47730.0,55.9216,0.013103
73,Mixed,5,Graph_LSH,14.72,85.28,4264,4264,4259,47640.0,57.077,0.013402
101,Mixed,5,Graph_LSH,14.84,85.16,4258,4258,4253,47580.0,56.2813,0.013233
137,Mixed,5,Graph_LSH,15.5,84.5,4225,4225,4220,47250.0,56.1261,0.0133
211,Mixed,5,Graph_LSH,14.58,85.42,4271,4271,4266,47710.0,60.2162,0.014115
307,Mixed,5,Graph_LSH,15.7,84.3,4215,4215,4210,47150.0,61.7418,0.014666
401,Mixed,5,Graph_LSH,15.34,84.66,4233,4233,4228,47330.0,63.3129,0.014975
503,Mixed,5,Graph_LSH,15.06,84.94,4247,4247,4242,47470.0,60.6941,0.014308
7,Mixed,5,Proposed,16.66,83.34,4167,4167,4162,46670.0,60.273,0.014482
19,Mixed,5,Proposed,16.94,83.06,4153,4153,4148,46530.0,59.512,0.014347
42,Mixed,5,Proposed,15.2,84.8,4240,4240,4235,47400.0,59.9773,0.014162
73,Mixed,5,Proposed,15.02,84.98,4249,4249,4244,47490.0,60.7234,0.014308
101,Mixed,5,Proposed,15.82,84.18,4209,4209,4204,47090.0,61.2593,0.014572
137,Mixed,5,Proposed,16.32,83.68,4184,4184,4179,46840.0,64.814,0.015509
211,Mixed,5,Proposed,15.86,84.14,4207,4207,4202,47070.0,61.8139,0.014711
307,Mixed,5,Proposed,16.3,83.7,4185,4185,4180,46850.0,61.9026,0.014809
401,Mixed,5,Proposed,15.64,84.36,4218,4218,4213,47180.0,61.4229,0.014579
503,Mixed,5,Proposed,15.62,84.38,4219,4219,4214,47190.0,60.8117,0.014431
7,Mixed,10,FIFO,23.12,76.88,3844,3844,3834,43440.0,5.3217,0.001388
19,Mixed,10,FIFO,23.76,76.24,3812,3812,3802,43120.0,5.6176,0.001478
42,Mixed,10,FIFO,22.22,77.78,3889,3889,3879,43890.0,5.9255,0.001528
73,Mixed,10,FIFO,22.6,77.4,3870,3870,3860,43700.0,5.5885,0.001448
101,Mixed,10,FIFO,22.52,77.48,3874,3874,3864,43740.0,5.6488,0.001462
137,Mixed,10,FIFO,22.72,77.28,3864,3864,3854,43640.0,5.5557,0.001442
211,Mixed,10,FIFO,22.5,77.5,3875,3875,3865,43750.0,5.5868,0.001445
307,Mixed,10,FIFO,23.32,76.68,3834,3834,3824,43340.0,5.5971,0.001464
401,Mixed,10,FIFO,23.04,76.96,3848,3848,3838,43480.0,5.5144,0.001437
503,Mixed,10,FIFO,22.76,77.24,3862,3862,3852,43620.0,5.7507,0.001493
7,Mixed,10,LRU,24.58,75.42,3771,3771,3761,42710.0,10.6415,0.002829
19,Mixed,10,LRU,24.28,75.72,3786,3786,3776,42860.0,10.6913,0.002831
42,Mixed,10,LRU,22.9,77.1,3855,3855,3845,43550.0,11.4892,0.002988
73,Mixed,10,LRU,23.36,76.64,3832,3832,3822,43320.0,10.8919,0.00285
101,Mixed,10,LRU,23.7,76.3,3815,3815,3805,43150.0,10.7614,0.002828
137,Mixed,10,LRU,23.26,76.74,3837,3837,3827,43370.0,10.4885,0.002741
211,Mixed,10,LRU,23.3,76.7,3835,3835,3825,43350.0,10.5074,0.002747
307,Mixed,10,LRU,24.54,75.46,3773,3773,3763,42730.0,10.6931,0.002842
401,Mixed,10,LRU,23.6,76.4,3820,3820,3810,43200.0,10.8437,0.002846
503,Mixed,10,LRU,23.8,76.2,3810,3810,3800,43100.0,10.5468,0.002775
7,Mixed,10,Graph_Only,24.88,75.12,3756,3756,3746,42560.0,72.2197,0.019279
19,Mixed,10,Graph_Only,24.78,75.22,3761,3761,3751,42610.0,74.6794,0.019909
42,Mixed,10,Graph_Only,24.26,75.74,3787,3787,3777,42870.0,72.1123,0.019092
73,Mixed,10,Graph_Only,23.86,76.14,3807,3807,3797,43070.0,72.3048,0.019043
101,Mixed,10,Graph_Only,24.4,75.6,3780,3780,3770,42800.0,72.2242,0.019158
137,Mixed,10,Graph_Only,24.92,75.08,3754,3754,3744,42540.0,74.7812,0.019974
211,Mixed,10,Graph_Only,23.42,76.58,3829,3829,3819,43290.0,73.0876,0.019138
307,Mixed,10,Graph_Only,25.36,74.64,3732,3732,3722,42320.0,72.6137,0.019509
401,Mixed,10,Graph_Only,23.48,76.52,3826,3826,3816,43260.0,72.5072,0.019001
503,Mixed,10,Graph_Only,23.62,76.38,3819,3819,3809,43190.0,73.0914,0.019189
7,Mixed,10,LSH_Only,33.38,66.62,3331,3331,3321,38310.0,63.2227,0.019037
19,Mixed,10,LSH_Only,33.34,66.66,3333,3333,3323,38330.0,63.0678,0.018979
42,Mixed,10,LSH_Only,32.46,67.54,3377,3377,3367,38770.0,66.5972,0.019779
73,Mixed,10,LSH_Only,32.96,67.04,3352,3352,3342,38520.0,69.9311,0.020925
101,Mixed,10,LSH_Only,32.3,67.7,3385,3385,3375,38850.0,71.4599,0.021173
137,Mixed,10,LSH_Only,33.44,66.56,3328,3328,3318,38280.0,95.5216,0.028789
211,Mixed,10,LSH_Only,31.78,68.22,3411,3411,3401,39110.0,104.455,0.030713
307,Mixed,10,LSH_Only,33.68,66.32,3316,3316,3306,38160.0,109.3851,0.033087
401,Mixed,10,LSH_Only,32.44,67.56,3378,3378,3368,38780.0,92.4793,0.027458
503,Mixed,10,LSH_Only,32.0,68.0,3400,3400,3390,39000.0,97.8105,0.028853
7,Mixed,10,Graph_LSH,31.24,68.76,3438,3438,3428,39380.0,103.7038,0.030252
19,Mixed,10,Graph_LSH,31.38,68.62,3431,3431,3421,39310.0,98.9736,0.028931
42,Mixed,10,Graph_LSH,28.96,71.04,3552,3552,3542,40520.0,130.8706,0.036948
73,Mixed,10,Graph_LSH,30.44,69.56,3478,3478,3468,39780.0,93.923,0.027083
101,Mixed,10,Graph_LSH,30.54,69.46,3473,3473,3463,39730.0,95.0271,0.027441
137,Mixed,10,Graph_LSH,31.92,68.08,3404,3404,3394,39040.0,95.712,0.0282
211,Mixed,10,Graph_LSH,29.12,70.88,3544,3544,3534,40440.0,99.7069,0.028214
307,Mixed,10,Graph_LSH,31.52,68.48,3424,3424,3414,39240.0,97.8832,0.028671
401,Mixed,10,Graph_LSH,30.14,69.86,3493,3493,3483,39930.0,100.9801,0.028992
503,Mixed,10,Graph_LSH,29.98,70.02,3501,3501,3491,40010.0,137.1136,0.039276
7,Mixed,10,Proposed,31.22,68.78,3439,3439,3429,39390.0,99.9009,0.029134
19,Mixed,10,Proposed,31.52,68.48,3424,3424,3414,39240.0,96.5915,0.028293
42,Mixed,10,Proposed,29.68,70.32,3516,3516,3506,40160.0,96.6626,0.027571
73,Mixed,10,Proposed,30.02,69.98,3499,3499,3489,39990.0,99.7638,0.028594
101,Mixed,10,Proposed,30.54,69.46,3473,3473,3463,39730.0,112.1014,0.032371
137,Mixed,10,Proposed,30.72,69.28,3464,3464,3454,39640.0,62.7838,0.018177
211,Mixed,10,Proposed,29.06,70.94,3547,3547,3537,40470.0,63.3761,0.017918
307,Mixed,10,Proposed,31.38,68.62,3431,3431,3421,39310.0,61.1867,0.017886
401,Mixed,10,Proposed,30.06,69.94,3497,3497,3487,39970.0,64.6149,0.01853
503,Mixed,10,Proposed,29.62,70.38,3519,3519,3509,40190.0,64.5916,0.018407
