Workload,Capacity,Policy,Hit Ratio Mean (%),Hit Ratio SD (%),Page Faults Mean,Page Faults SD,Storage I/O Mean,Storage I/O SD,Simulated Latency Mean,Simulated Latency SD,Avg Decision Time Mean (ms),Avg Decision Time SD (ms)
Graph,3,FIFO,40.44,1.7278,2978.0,86.388,2978.0,86.388,34780.0,863.8801,0.001279,1.8e-05
Graph,3,Graph_LSH,36.366,1.8903,3181.7,94.5164,3181.7,94.5164,36817.0,945.1637,0.015764,0.002215
Graph,3,Graph_Only,39.18,1.6668,3041.0,83.34,3041.0,83.34,35410.0,833.4,0.012209,0.000942
Graph,3,LRU,42.626,1.6875,2868.7,84.3736,2868.7,84.3736,33687.0,843.7357,0.001777,3.4e-05
Graph,3,LSH_Only,28.366,1.8704,3581.7,93.5225,3581.7,93.5225,40817.0,935.2249,0.014094,0.001008
Graph,3,Proposed,36.392,1.4701,3180.4,73.5062,3180.4,73.5062,36804.0,735.0616,0.014133,0.001084
Graph,5,FIFO,47.39,1.5195,2630.5,75.974,2630.5,75.974,31305.0,759.7405,0.001661,0.000196
Graph,5,Graph_LSH,44.762,1.6176,2761.9,80.8778,2761.9,80.8778,32619.0,808.7775,0.019225,0.006452
Graph,5,Graph_Only,47.172,1.6749,2641.4,83.7459,2641.4,83.7459,31414.0,837.4591,0.021289,0.004825
Graph,5,LRU,48.786,1.5299,2560.7,76.4941,2560.7,76.4941,30607.0,764.9408,0.002392,0.000231
Graph,5,LSH_Only,36.412,2.5364,3179.4,126.8194,3179.4,126.8194,36794.0,1268.1938,0.025954,0.003721
Graph,5,Proposed,45.568,1.5442,2721.6,77.2114,2721.6,77.2114,32216.0,772.114,0.016733,0.001342
Graph,10,FIFO,55.174,1.4365,2241.3,71.8255,2241.3,71.8255,27413.0,718.2548,0.002079,0.000674
Graph,10,Graph_LSH,55.01,1.0536,2249.5,52.682,2249.5,52.682,27495.0,526.8196,0.036769,0.00753
Graph,10,Graph_Only,56.466,1.313,2176.7,65.6507,2176.7,65.6507,26767.0,656.5067,0.023085,0.002298
Graph,10,LRU,56.026,1.3603,2198.7,68.0148,2198.7,68.0148,26987.0,680.1479,0.003469,0.000156
Graph,10,LSH_Only,48.548,2.2207,2572.6,111.0347,2572.6,111.0347,30726.0,1110.3473,0.026856,0.00572
Graph,10,Proposed,55.958,1.5179,2202.1,75.8939,2202.1,75.8939,27021.0,758.9386,0.029905,0.008247
Mixed,3,FIFO,6.316,0.3769,4684.2,18.8432,4684.2,18.8432,51842.0,188.4321,0.001919,0.000471
Mixed,3,Graph_LSH,8.444,0.4554,4577.8,22.7684,4577.8,22.7684,50778.0,227.684,0.012702,0.000399
Mixed,3,Graph_Only,6.552,0.2532,4672.4,12.6596,4672.4,12.6596,51724.0,126.5965,0.012098,0.000728
Mixed,3,LRU,6.408,0.3767,4679.6,18.8338,4679.6,18.8338,51796.0,188.3378,0.001721,1.2e-05
Mixed,3,LSH_Only,9.584,0.4667,4520.8,23.3371,4520.8,23.3371,50208.0,233.3714,0.012881,0.000482
Mixed,3,Proposed,8.802,0.4157,4559.9,20.787,4559.9,20.787,50599.0,207.8702,0.012739,0.0003
Mixed,5,FIFO,11.414,0.4134,4429.3,20.6723,4429.3,20.6723,49293.0,206.7231,0.00149,0.000103
Mixed,5,Graph_LSH,15.274,0.6356,4236.3,31.7807,4236.3,31.7807,47363.0,317.8067,0.013751,0.000699
Mixed,5,Graph_Only,12.024,0.5285,4398.8,26.4231,4398.8,26.4231,48988.0,264.2305,0.020881,0.000726
Mixed,5,LRU,11.612,0.431,4419.4,21.552,4419.4,21.552,49194.0,215.52,0.003009,0.000519
Mixed,5,LSH_Only,17.41,0.603,4129.5,30.1524,4129.5,30.1524,46295.0,301.5239,0.019751,0.002319
Mixed,5,Proposed,15.938,0.6146,4203.1,30.7298,4203.1,30.7298,47031.0,307.2983,0.014591,0.000375
Mixed,10,FIFO,22.856,0.4562,3857.2,22.8123,3857.2,22.8123,43572.0,228.1228,0.001458,3.7e-05
Mixed,10,Graph_LSH,30.524,1.003,3473.8,50.1504,3473.8,50.1504,39738.0,501.5044,0.030401,0.004192
Mixed,10,Graph_Only,24.298,0.6822,3785.1,34.1124,3785.1,34.1124,42851.0,341.124,0.019329,0.000352
Mixed,10,LRU,23.732,0.5711,3813.4,28.5548,3813.4,28.5548,43134.0,285.5482,0.002828,7e-05
Mixed,10,LSH_Only,32.778,0.6674,3361.1,33.3681,3361.1,33.3681,38611.0,333.6815,0.024879,0.00541
Mixed,10,Proposed,30.382,0.8292,3480.9,41.4607,3480.9,41.4607,39809.0,414.6069,0.023688,0.005937
Random,3,FIFO,5.356,0.4649,4732.2,23.2465,4732.2,23.2465,52322.0,232.4651,0.001984,0.000152
Random,3,Graph_LSH,5.452,0.3519,4727.4,17.5955,4727.4,17.5955,52274.0,175.9545,0.020529,0.009485
Random,3,Graph_Only,5.536,0.4374,4723.2,21.8724,4723.2,21.8724,52232.0,218.7236,0.029231,0.011899
Random,3,LRU,5.362,0.4476,4731.9,22.3778,4731.9,22.3778,52319.0,223.7782,0.002426,0.000307
Random,3,LSH_Only,5.354,0.3666,4732.3,18.3306,4732.3,18.3306,52323.0,183.3061,0.036973,0.003266
Random,3,Proposed,5.492,0.361,4725.4,18.0505,4725.4,18.0505,52254.0,180.5055,0.014555,0.001178
Random,5,FIFO,9.098,0.4801,4545.1,24.0067,4545.1,24.0067,50451.0,240.0671,0.001606,3.6e-05
Random,5,Graph_LSH,9.116,0.3952,4544.2,19.7585,4544.2,19.7585,50442.0,197.5854,0.018151,0.000961
Random,5,Graph_Only,9.252,0.4678,4537.4,23.3914,4537.4,23.3914,50374.0,233.9136,0.01875,0.004787
Random,5,LRU,9.094,0.4164,4545.3,20.8223,4545.3,20.8223,50453.0,208.2226,0.002481,9.1e-05
Random,5,LSH_Only,9.172,0.3133,4541.4,15.6645,4541.4,15.6645,50414.0,156.6454,0.020688,0.006112
Random,5,Proposed,9.162,0.4575,4541.9,22.8738,4541.9,22.8738,50419.0,228.7381,0.01748,0.003817
Random,10,FIFO,18.236,0.6531,4088.2,32.6558,4088.2,32.6558,45882.0,326.5578,0.001331,4.6e-05
Random,10,Graph_LSH,18.316,0.4414,4084.2,22.0696,4084.2,22.0696,45842.0,220.6959,0.024387,0.004199
Random,10,Graph_Only,18.346,0.4359,4082.7,21.7973,4082.7,21.7973,45827.0,217.973,0.019404,0.000689
Random,10,LRU,18.25,0.5763,4087.5,28.8145,4087.5,28.8145,45875.0,288.1454,0.002492,4.5e-05
Random,10,LSH_Only,18.214,0.5392,4089.3,26.9611,4089.3,26.9611,45893.0,269.6108,0.019735,0.001044
Random,10,Proposed,18.346,0.5597,4082.7,27.9843,4082.7,27.9843,45827.0,279.8432,0.032674,0.004392
Vector,3,FIFO,95.762,0.1318,211.9,6.5904,211.9,6.5904,7119.0,65.904,0.001682,5.9e-05
Vector,3,Graph_LSH,95.922,0.1568,203.9,7.8379,203.9,7.8379,7039.0,78.3794,0.01455,0.00073
Vector,3,Graph_Only,95.78,0.0961,211.0,4.8074,211.0,4.8074,7110.0,48.074,0.014713,0.000911
Vector,3,LRU,95.802,0.1629,209.9,8.1438,209.9,8.1438,7099.0,81.4385,0.002739,0.000351
Vector,3,LSH_Only,96.024,0.1566,198.8,7.8287,198.8,7.8287,6988.0,78.2872,0.014148,0.000837
Vector,3,Proposed,95.924,0.158,203.8,7.8994,203.8,7.8994,7038.0,78.9937,0.013383,0.000346
Vector,5,FIFO,96.184,0.1426,190.8,7.1305,190.8,7.1305,6908.0,71.3053,0.001641,0.000292
Vector,5,Graph_LSH,96.492,0.1661,175.4,8.3026,175.4,8.3026,6754.0,83.0261,0.015397,0.000501
Vector,5,Graph_Only,96.246,0.1512,187.7,7.5579,187.7,7.5579,6877.0,75.5792,0.015765,0.001014
Vector,5,LRU,96.256,0.154,187.2,7.6999,187.2,7.6999,6872.0,76.9993,0.002399,0.00015
Vector,5,LSH_Only,96.646,0.1132,167.7,5.6578,167.7,5.6578,6677.0,56.5784,0.018321,0.000446
Vector,5,Proposed,96.55,0.1729,172.5,8.6442,172.5,8.6442,6725.0,86.442,0.017563,0.003362
Vector,10,FIFO,97.072,0.1708,146.4,8.5401,146.4,8.5401,6464.0,85.401,0.002759,0.000882
Vector,10,Graph_LSH,97.534,0.1473,123.3,7.3643,123.3,7.3643,6233.0,73.6433,0.030216,0.002929
Vector,10,Graph_Only,97.17,0.0807,141.5,4.0346,141.5,4.0346,6415.0,40.3457,0.02998,0.001724
Vector,10,LRU,97.262,0.2014,136.9,10.0714,136.9,10.0714,6369.0,100.7141,0.004331,0.000326
Vector,10,LSH_Only,97.68,0.1796,116.0,8.9815,116.0,8.9815,6160.0,89.8146,0.031063,0.00292
Vector,10,Proposed,97.608,0.1581,119.6,7.905,119.6,7.905,6196.0,79.0499,0.030056,0.001348
